{
 "type": "block",
 "layer": 1,
 "block": 14,
 "features": [
  {
   "geom": {
    "polygons": [
     [
      [
       [
        1.7751887281447165,
        58.498285698918274
       ],
       [
        1.5617424211824105,
        58.134708740367344
       ],
       [
        1.1419249567211076,
        58.13881850149907
       ],
       [
        0.9355581181471062,
        58.50650498939553
       ],
       [
        1.1490045244554214,
        58.8700779370843
       ],
       [
        1.5688189090918847,
        58.8659683956102
       ],
       [
        1.7751887281447165,
        58.498285698918274
       ]
      ]
     ]
    ],
    "centroids": [
     [
      1.3553731098409627,
      58.50239330892172,
      0.0
     ]
    ],
    "h": 0.9397174904937947
   },
   "mtl": {
    "face": 3,
    "border": 1
   },
   "prop": [
    "1",
    "7,004",
    "10,000.00113440000",
    "3",
    "4,134",
    "2,019",
    "PUBLICO"
   ]
  },
  {
   "geom": {
    "polygons": [
     [
      [
       [
        3.0346357963993653,
        58.485970172762094
       ],
       [
        2.8211939199724423,
        58.12239020266682
       ],
       [
        2.401376076835715,
        58.126494599021036
       ],
       [
        2.195003190014333,
        58.49417874609607
       ],
       [
        2.408446405095488,
        58.857754693321986
       ],
       [
        2.8282611684015913,
        58.85365051633643
       ],
       [
        3.0346357963993653,
        58.485970172762094
       ]
      ]
     ]
    ],
    "centroids": [
     [
      2.614819455301165,
      58.49007242149625,
      0.0
     ]
    ],
    "h": 5.13656375685464
   },
   "mtl": {
    "face": 2,
    "border": 1
   },
   "prop": [
    "1",
    "7,006",
    "10,000.01097240000",
    "5",
    "9,339",
    "11,036",
    "PRIVADO"
   ]
  },
  {
   "geom": {
    "polygons": [
     [
      [
       [
        3.6749505490278,
        59.57670340278088
       ],
       [
        3.4615134773093637,
        59.213125325143764
       ],
       [
        3.0417013037445817,
        59.21722669814008
       ],
       [
        2.835328042507368,
        59.584905941657674
       ],
       [
        3.0487664609252896,
        59.94848082742897
       ],
       [
        3.4685755549021757,
        59.94437967365104
       ],
       [
        3.6749505490278,
        59.57670340278088
       ]
      ]
     ]
    ],
    "centroids": [
     [
      3.2551392614510455,
      59.580803003604665,
      0.0
     ]
    ],
    "h": 5.134702008483181
   },
   "mtl": {
    "face": 2,
    "border": 1
   },
   "prop": [
    "1",
    "7,045",
    "10,000.01401620000",
    "5",
    "8,111",
    "11,032",
    "PRIVADO"
   ]
  },
  {
   "geom": {
    "polygons": [
     [
      [
       [
        4.30113902849717,
        59.2049279354326
       ],
       [
        4.087704975755657,
        58.84134872652585
       ],
       [
        3.667889834265403,
        58.845447538999736
       ],
       [
        3.4615134773093637,
        59.213125325143764
       ],
       [
        3.6749505490278,
        59.57670340278088
       ],
       [
        4.094762610820357,
        59.57260480941266
       ],
       [
        4.30113902849717,
        59.2049279354326
       ]
      ]
     ]
    ],
    "centroids": [
     [
      3.881326594641088,
      59.20902588104616,
      0.0
     ]
    ],
    "h": 0.016290298250263898
   },
   "mtl": {
    "face": 10,
    "border": 1
   },
   "prop": [
    "1",
    "7,046",
    "10,000.00353500000",
    "1",
    "2,407",
    "35",
    "PRIVADO"
   ]
  },
  {
   "geom": {
    "polygons": [
     [
      [
       [
        1.7893378706545282,
        59.96079503705823
       ],
       [
        1.575895022186724,
        59.597223162530724
       ],
       [
        1.1560837172075011,
        59.6013324843385
       ],
       [
        0.9497195792627533,
        59.969013448890486
       ],
       [
        1.163162526949435,
        60.33258131286503
       ],
       [
        1.5829707524332437,
        60.32847221070911
       ],
       [
        1.7893378706545282,
        59.96079503705823
       ]
      ]
     ]
    ],
    "centroids": [
     [
      1.369528411665255,
      59.96490220790823,
      0.0
     ]
    ],
    "h": 0.9448372985153062
   },
   "mtl": {
    "face": 3,
    "border": 1
   },
   "prop": [
    "1",
    "7,080",
    "10,000.00113440000",
    "3",
    "1,682",
    "2,030",
    "PRIVADO"
   ]
  },
  {
   "geom": {
    "polygons": [
     [
      [
       [
        4.315250459480035,
        60.66742929805921
       ],
       [
        4.101819864053969,
        60.30385517349956
       ],
       [
        3.682010881774156,
        60.30795354779388
       ],
       [
        3.4756372263490043,
        60.67562581144302
       ],
       [
        3.689070840549713,
        61.03919880501625
       ],
       [
        4.1088767434785956,
        61.03510064979583
       ],
       [
        4.315250459480035,
        60.66742929805921
       ]
      ]
     ]
    ],
    "centroids": [
     [
      3.8954441846436705,
      60.67152680566082,
      0.0
     ]
    ],
    "h": 0.025133603014692876
   },
   "mtl": {
    "face": 10,
    "border": 1
   },
   "prop": [
    "1",
    "7,120",
    "10,000.00353500000",
    "1",
    "1,000",
    "54",
    "PRIVADO"
   ]
  },
  {
   "geom": {
    "polygons": [
     [
      [
       [
        4.94848727507875,
        61.02690971913639
       ],
       [
        4.735058090962618,
        60.663333715200764
       ],
       [
        4.315250459480035,
        60.66742929805921
       ],
       [
        4.1088767434785956,
        61.03510064979583
       ],
       [
        4.322305622401501,
        61.39867347841559
       ],
       [
        4.742110174590952,
        61.39457811447788
       ],
       [
        4.94848727507875,
        61.02690971913639
       ]
      ]
     ]
    ],
    "centroids": [
     [
      4.528681607906659,
      61.03100351959236,
      0.0
     ]
    ],
    "h": 0.44263067531431344
   },
   "mtl": {
    "face": 6,
    "border": 1
   },
   "prop": [
    "1",
    "7,121",
    "10,000.02057490000",
    "2",
    "5,286",
    "951",
    "PRIVADO"
   ]
  },
  {
   "geom": {
    "polygons": [
     [
      [
       [
        4.3293603915627195,
        62.129910694661675
       ],
       [
        4.115933241089476,
        61.7663404078788
       ],
       [
        3.6961304173496745,
        61.77043834402533
       ],
       [
        3.489759475164922,
        62.1381063317817
       ],
       [
        3.703189620196168,
        62.50167299581885
       ],
       [
        4.122989364914487,
        62.49757527871154
       ],
       [
        4.3293603915627195,
        62.129910694661675
       ]
      ]
     ]
    ],
    "centroids": [
     [
      3.909560264406442,
      62.134006656709936,
      0.0
     ]
    ],
    "h": 0.0460782721936036
   },
   "mtl": {
    "face": 7,
    "border": 1
   },